Time_Relative_s,der_m,der_m_smooth
-337.34,0.08932366588194077,0.09607811880077417
-330.37,0.08567918679094164,0.09627458557969779
-327.89,0.0844587812637143,0.09647105235862141
-325.39,0.08476762332195968,0.09682267786358834
-322.72,0.08517018202929233,0.09717430336855525
-320.27,0.08558903430257377,0.09756136328998444
-317.61,0.08597882165385023,0.09794842321141362
-315.16,0.08641709829436044,0.09830874518136695
-312.58,0.08676230412844615,0.09866906715132027
-309.91,0.08722133437569575,0.0990840173063233
-307.41,0.08765898135422444,0.0994989674613263
-304.93999999999994,0.08802677137575772,0.09987642405391645
-302.03,0.08855885975152263,0.1002538806465066
-299.16,0.08893988026018604,0.10068130316450499
-296.53,0.08935906426365076,0.10110872568250337
-293.97,0.0898072014732848,0.1015129602652394
-291.53,0.09017988732206511,0.10191719484797541
-288.89,0.09061470176894522,0.10225978144867048
-286.41,0.09097842313369611,0.10260236804936557
-283.62,0.09146921928346291,0.1030279267639116
-281.03,0.09193390541972325,0.10345348547845765
-278.59,0.09225397232379275,0.10381340108270762
-275.97,0.09268930004051235,0.10417331668695758
-268.34,0.09390106962102787,0.10458836008043104
-260.59,0.09531112515768549,0.1050034034739045
-253.7,0.09607811880077417,0.1054691753565253
-251.2,0.09647105235862141,0.1059349472391461
-248.47,0.09717430336855525,0.10633388493962981
-246.03,0.09794842321141362,0.10673282264011354
-243.59,0.09866906715132027,0.10709926562958665
-240.97,0.0994989674613263,0.10746570861905975
-238.53,0.1002538806465066,0.10792062019810081
-235.75,0.10110872568250337,0.10837553177714185
-233.16,0.10191719484797541,0.10880796819495414
-230.72,0.10260236804936557,0.10837553177714185
-228.16,0.10345348547845765,0.10802871615672141
-225.59,0.10417331668695758,0.10768190053630097
-222.87,0.1050034034739045,0.10757380457768037
-220.22,0.1059349472391461,0.10746570861905975
-217.47,0.10673282264011354,0.10709926562958665
-215.03,0.10746570861905975,0.10673282264011354
-212.36,0.10837553177714185,0.10642591750374414
-209.91,0.10924040461276643,0.10611901236737473
-207.34,0.11006961859201896,0.10602697980326041
-204.72,0.11094473218934445,0.1059349472391461
-202.28,0.11176677195475576,0.1054691753565253
-199.62,0.11272130722394548,0.1050034034739045
-191.97,0.11539279259622802,0.10475035530307497
-184.28,0.1182592445307126,0.10449730713224543
-177.57999999999998,0.12140060793447084,0.1043353119096015
-174.94999999999996,0.12277041798104477,0.10417331668695758
-172.46999999999997,0.12268082140203992,0.10417331668695758
-170.02999999999997,0.12283921816081357,0.10417331668695758
-167.52999999999997,0.12291131148716827,0.10417331668695758
-164.94999999999996,0.1230861088179728,0.10417331668695758
-162.21999999999997,0.1230861088179728,0.10417331668695758
-159.65999999999997,0.1235336569397366,0.10417331668695758
-156.90999999999997,0.12354303268470648,0.10417331668695758
-154.40999999999997,0.12356395136718647,0.10417331668695758
-151.65999999999997,0.12362476911673988,0.10417331668695758
-149.08999999999995,0.12378082420917969,0.10417331668695758
-146.32999999999998,0.12392523930869899,0.10417331668695758
-143.71999999999997,0.12412779454738791,0.10417331668695758
-141.11999999999995,0.12420203613772435,0.10417331668695758
-138.65999999999997,0.12452445324759932,0.10417331668695758
-136.08999999999995,0.12449219653604945,0.10417331668695758
-133.46999999999997,0.12457173280772209,0.10417331668695758
-130.90999999999997,0.12496603689872027,0.10417331668695758
-128.35999999999996,0.12496603689872027,0.10417331668695758
-125.82999999999998,0.12504199519199538,0.10417331668695758
-123.2,0.12514786957684507,0.10417331668695758
-115.27999999999996,0.12553395533153777,0.10417331668695758
-107.77999999999996,0.12568683840347397,0.10417331668695758
-101.01999999999998,0.12591556880765745,0.10417331668695758
-98.46999999999996,0.1260125365049026,0.10417331668695758
-96.02999999999996,0.12431359256485051,0.10417331668695758
-93.19,0.12206265779813412,0.10417331668695758
-90.7,0.12041140061299714,0.10417331668695758
-87.86999999999995,0.11826619990016587,0.10417331668695758
-85.40999999999997,0.11665442811053937,0.10417331668695758
-82.63999999999999,0.11462221626551716,0.10417331668695758
-80.02999999999997,0.11294913714788846,0.10417331668695758
-77.36999999999995,0.1110242542746511,0.10417331668695758
-74.90999999999997,0.10939178579764774,0.10417331668695758
-72.33999999999997,0.10768190053630097,0.10417331668695758
-69.90999999999997,0.10611901236737473,0.10417331668695758
-67.33999999999997,0.10449730713224543,0.10417331668695758
-64.60999999999996,0.10274358929817844,0.10274358929817844
-62.089999999999975,0.10109757553329189,0.10109757553329189
-59.65999999999997,0.09967183301323816,0.09967183301323816
-57.21999999999997,0.09814808094707432,0.09814808094707432
-54.589999999999975,0.09659589763865536,0.09659589763865536
-51.90999999999997,0.09494176406195957,0.09494176406195957
-49.27999999999997,0.09339738129958332,0.09339738129958332
-46.65999999999997,0.09181560476892403,0.09245228247765735
-38.96999999999997,0.08734206017724598,0.09231545640006966
-31.409999999999968,0.0830763407685046,0.0920755661989103
-24.369999999999948,0.07915511061666552,0.09181560476892403
-21.889999999999983,0.07770118099632445,0.09160959773323328
-19.389999999999983,0.0763810826125144,0.09136149794478163
-16.909999999999968,0.07504439006716984,0.09113570664626734
-14.409999999999968,0.07370670463910747,0.09075590664559244
-11.66999999999996,0.07222131739592116,0.09047791321147454
-9.21999999999997,0.0708724212174699,0.09022003077877618
-6.329999999999984,0.06937976372392968,0.08989682901115686
-3.7799999999999727,0.06792814827029034,0.08962155264883324
-1.339999999999975,0.0666593390655688,0.08946244784552546
0.0,0.06589955098331751,0.08930612100424856
1.3400000000000318,0.0671359683548656,0.0890909345253372
3.920000000000016,0.06924611331673045,0.08877824466427778
6.610000000000014,0.07101619660914174,0.08849110346120771
9.160000000000023,0.07233688824132611,0.0882457996959635
11.83000000000004,0.07353461718430367,0.0880293363986148
14.28000000000003,0.07451195702104885,0.08781352198744069
16.720000000000027,0.07552693252532044,0.08749512439525671
19.340000000000032,0.07672646813465024,0.08734206017724598
21.910000000000025,0.07806285384699899,0.08718580359281285
24.63000000000005,0.0796426842653948,0.0869209830391819
27.090000000000032,0.08105702102604548,0.08664353465503953
29.910000000000025,0.08248990417511977,0.08659041690637374
37.53000000000003,0.08664353465503953,0.08571021027780971
45.22000000000003,0.08946244784552546,0.08568054977745648
51.920000000000016,0.09231545640006966,0.08568054977745648
54.55000000000001,0.09245228247765735,0.08568054977745648
57.09000000000003,0.0920755661989103,0.08568054977745648
59.77000000000004,0.09160959773323328,0.08568054977745648
62.23000000000002,0.09136149794478163,0.08568054977745648
65.09000000000003,0.09113570664626734,0.08568054977745648
67.53000000000003,0.09075590664559244,0.08568054977745648
70.36000000000001,0.09047791321147454,0.08568054977745648
73.03000000000003,0.09022003077877618,0.08568054977745648
75.77000000000004,0.08989682901115686,0.08568054977745648
78.22000000000003,0.08962155264883324,0.08568054977745648
80.78000000000003,0.08930612100424856,0.08568054977745648
83.34000000000003,0.0890909345253372,0.08568054977745648
85.91000000000003,0.08877824466427778,0.08568054977745648
88.63000000000005,0.08849110346120771,0.08568054977745648
91.16000000000004,0.0882457996959635,0.08568054977745648
93.86,0.0880293363986148,0.08568054977745648
96.34000000000005,0.08781352198744069,0.08568054977745648
98.91000000000008,0.08749512439525671,0.08568054977745648
101.52999999999996,0.08718580359281285,0.08568054977745648
103.97000000000004,0.0869209830391819,0.08568054977745648
106.63,0.08659041690637374,0.08568054977745648
114.47000000000004,0.08568054977745648,0.08568054977745648
122.22000000000004,0.08571021027780971,0.08568054977745648
128.86,0.08548339079579974,0.08568054977745648
131.36,0.08553041408391333,0.08571021027780971
133.80000000000007,0.085599124846926,0.08586628733724004
136.34000000000003,0.08560051285788337,0.08630183644187911
138.92000000000007,0.0855387661333606,0.08659041690637374
141.64,0.08551181153883723,0.08660144306683794
144.09000000000003,0.08548073818974893,0.08664353465503953
146.91000000000008,0.08542376698835173,0.086891897671167
149.47000000000003,0.08531508155904943,0.0869209830391819
151.91000000000008,0.08531772866239579,0.08713537753085841
154.34000000000003,0.08525319197155502,0.08718580359281285
156.91000000000008,0.08517386881780295,0.0874082745881989
159.63,0.08513977980132797,0.08749512439525671
162.27999999999997,0.08512575735541861,0.08772490136874636
164.88,0.08504796390729528,0.08781352198744069
167.34000000000003,0.08500201658377844,0.08798578565751362
169.77999999999997,0.0849880350710228,0.0880293363986148
172.52999999999997,0.08490874585600358,0.0882457996959635
175.09000000000003,0.08488617420244546,0.08834594284701673
177.66000000000008,0.08477417371858882,0.08849110346120771
180.16000000000008,0.08466086851489377,0.08863009309817625
183.08000000000004,0.08460898012589928,0.08877824466427778
190.72000000000003,0.08444600921955668,0.08886890721084587
198.34000000000003,0.08535176295826621,0.0890909345253372
204.98,0.08485597183236149,0.0892112558804259
207.69000000000003,0.0855909877465829,0.08930612100424856
210.16000000000008,0.08586628733724004,0.0892452211902975
212.92000000000007,0.08630183644187911,0.0892112558804259
215.41000000000008,0.08660144306683794,0.0890909345253372
218.34000000000003,0.086891897671167,0.08886890721084587
220.78,0.08713537753085841,0.08877824466427778
223.66000000000008,0.0874082745881989,0.08863009309817625
226.22000000000003,0.08772490136874636,0.08849110346120771
228.88,0.08798578565751362,0.08834594284701673
231.34000000000003,0.08834594284701673,0.0882457996959635
233.91000000000008,0.08863009309817625,0.08824368188939777
236.34000000000003,0.08886890721084587,0.0880293363986148
238.91000000000008,0.0892112558804259,0.08798578565751362
241.61,0.08953312331074521,0.08781352198744069
244.03,0.08971505714000884,0.08772490136874636
246.47000000000003,0.09020921675523597,0.08749512439525671
249.22000000000003,0.09042844724040594,0.0874082745881989
251.78,0.09069041640749752,0.0872584095180692
254.53,0.09107909033379151,0.08718580359281285
256.97,0.09130099180845117,0.08713537753085841
259.63,0.09161363580548547,0.0869209830391819
267.34000000000003,0.09258631563179082,0.086891897671167
275.30000000000007,0.09345153120793565,0.08660144306683794
282.05000000000007,0.09468339322518085,0.08660144306683794
284.63,0.09531171316869091,0.08660144306683794
287.23,0.09517840598664458,0.08660144306683794
289.72,0.09519942061498879,0.08660144306683794
292.53,0.09504241225749688,0.08660144306683794
295.09000000000003,0.0950084585857233,0.08660144306683794
297.55000000000007,0.09487970299033059,0.08660144306683794
300.28,0.09495196450324554,0.08660144306683794
303.11,0.09483180538984301,0.08660144306683794
305.53,0.09472598498655381,0.08660144306683794
307.97,0.09471110175185954,0.08660144306683794
310.61,0.0946255280385133,0.08660144306683794
313.03,0.09459839761888786,0.08660144306683794
315.89,0.09445119110807283,0.08660144306683794
318.34000000000003,0.09443213305891805,0.08660144306683794
320.78,0.09432293796317388,0.08660144306683794
323.47,0.0942372552981005,0.08660144306683794
325.97,0.09431625453499935,0.08660144306683794
328.63,0.09416636760218984,0.08660144306683794
331.22,0.09394345238544313,0.08660144306683794
333.81000000000006,0.09407081236560241,0.08660144306683794
336.59000000000003,0.0938948983380957,0.08660144306683794
344.63,0.09373517758654303,0.08660144306683794
352.53,0.09339460769128084,0.08660144306683794
359.1700000000001,0.09264031349609908,0.08660144306683794
361.63,0.0924490903205828,0.08660144306683794
364.11,0.09141665298658808,0.08660144306683794
366.83,0.09033545736862132,0.08660144306683794
369.4100000000001,0.0892452211902975,0.08660144306683794
372.13,0.08824368188939777,0.08660144306683794
374.59,0.0872584095180692,0.08660144306683794
377.38,0.08616345885431675,0.08616345885431675
379.97,0.08517937731181215,0.08517937731181215
382.78,0.08405879628600568,0.08405879628600568
385.22,0.08308816270266603,0.08308816270266603
388.11,0.08199805051750114,0.08199805051750114
390.59,0.08100718338861605,0.08100718338861605
393.4100000000001,0.07997115487072819,0.07997115487072819
395.84,0.07901866436440481,0.07901866436440481
398.4100000000001,0.07808187231136078,0.07808187231136078
401.03,0.07704266100193523,0.07704266100193523
403.47,0.07613712748440306,0.07613712748440306
406.13,0.0751883509218759,0.0751883509218759
408.72,0.074139766039747,0.074139766039747
411.1600000000001,0.07324581599664151,0.07324581599664151
413.78,0.07222337578287305,0.07222337578287305
421.4100000000001,0.0693866848214922,0.0693866848214922
429.59,0.06680762239913088,0.06684825609859123
436.22,0.06442184639595518,0.06680762239913088
438.72,0.0633335755138158,0.0665658811376327
441.22,0.06343158415540369,0.06613316448455824
443.72,0.06356632705183475,0.06606380555987838
446.38,0.06361432894415602,0.06555530173765228
448.97,0.06374969845243426,0.06542634056827439
451.4100000000001,0.06382482388272605,0.06521480350299894
454.03,0.06393404555799583,0.06510766157491402
456.59,0.0640071491679652,0.06495191035220875
459.28,0.06409383098178643,0.06490319617552057
461.72,0.06416679986061344,0.06481683360428056
464.61,0.06428663448574126,0.06479372638157334
467.09,0.06435263749356064,0.06472899682839642
469.9100000000001,0.06445428290869759,0.06459707424395404
472.4100000000001,0.06458946522922573,0.06458946522922573
474.84,0.06459707424395404,0.06445428290869759
477.27,0.06472899682839642,0.06442184639595518
479.84,0.06481683360428056,0.06435263749356064
482.63,0.06490319617552057,0.06428663448574126
485.22,0.06495191035220875,0.06416679986061344
488.05000000000007,0.06510766157491402,0.06414325083319228
490.59,0.06521480350299894,0.06409383098178643
498.34,0.06555530173765228,0.0640071491679652
506.28,0.06606380555987838,0.06393404555799583
512.8000000000001,0.0665658811376327,0.06382482388272605
515.25,0.06684825609859123,0.06374969845243426
518.0500000000001,0.06613316448455824,0.06361432894415602
520.47,0.06542634056827439,0.06356632705183475
523.13,0.06479372638157334,0.06348193326467191
525.78,0.06414325083319228,0.06343158415540369
528.5500000000001,0.06348193326467191,0.0633335755138158
531.1600000000001,0.06284217548223468,0.06284217548223468
533.75,0.06219698249457782,0.06219698249457782
536.22,0.06157897316215301,0.06157897316215301
539.09,0.06086278838565609,0.06086278838565609
541.6700000000001,0.06021837726033024,0.06022902902824484
544.38,0.05952031040891318,0.06021837726033024
547.03,0.05891224275834956,0.06008121739567173
549.84,0.05819589932095455,0.05987192902693685
552.28,0.057622338828097495,0.05984379601682449
555.08,0.05694844197412745,0.05976284371608767
557.53,0.05635347008397785,0.05959666698975142
560.3100000000001,0.05570931795805519,0.05952031040891318
562.9100000000001,0.05502726349688196,0.05946501334632537
565.4100000000001,0.05445149592139663,0.059305550865602935
568.1600000000001,0.053759236158736644,0.059141694506466454
576.0500000000001,0.05187165171537205,0.058977458498013696
584.0500000000001,0.049957347825821216,0.05891224275834956
591.1700000000001,0.04861868703230478,0.05882147524756898
593.6700000000001,0.04795212278347047,0.058683223257577896
596.07,0.048331230749418065,0.058638133330588996
598.77,0.04876272269250351,0.05845805437158501
601.27,0.049119175364821306,0.05831438457953259
604.1700000000001,0.04957111630968013,0.05819589932095455
606.6700000000001,0.049970052186955036,0.0581455089395494
609.37,0.05039097677927484,0.05800264812910769
611.97,0.05080817963437948,0.05784078584720452
614.5699999999999,0.05123555331663243,0.057712125838288914
617.0699999999999,0.05162889398337516,0.057622338828097495
619.8700000000001,0.052046644931100124,0.05757611350328917
622.3700000000001,0.05245213048824785,0.05737253829300012
625.1700000000001,0.052872460362102594,0.057258860018094625
627.5699999999999,0.05324379160522982,0.05720670286558357
630.0699999999999,0.05362296128562125,0.05705724904738039
632.5699999999999,0.05401188916942867,0.05694844197412745
635.0699999999999,0.054397282133438675,0.056584565833115136
637.77,0.05483409272167238,0.05635347008397785
640.3700000000001,0.0552344839486048,0.056058596968256984
643.0699999999999,0.05565255360698807,0.05570931795805519
645.77,0.056058596968256984,0.05565255360698807
653.5699999999999,0.057258860018094625,0.05541282846286388
661.47,0.058683223257577896,0.0552344839486048
668.27,0.05984379601682449,0.05502726349688196
670.77,0.06022902902824484,0.05483409272167238
673.3700000000001,0.06008121739567173,0.05445149592139663
676.27,0.05987192902693685,0.054397282133438675
678.6700000000001,0.05976284371608767,0.05425376201063314
681.3700000000001,0.05959666698975142,0.05401188916942867
683.77,0.05946501334632537,0.053759236158736644
686.6700000000001,0.059305550865602935,0.05371050783727289
689.27,0.059141694506466454,0.05362296128562125
691.8700000000001,0.058977458498013696,0.05328394429176937
694.3700000000001,0.05882147524756898,0.05324379160522982
697.0699999999999,0.058638133330588996,0.052872460362102594
699.6700000000001,0.05845805437158501,0.05286896913720219
702.6700000000001,0.05831438457953259,0.05245213048824785
705.0699999999999,0.0581455089395494,0.052385577748943805
707.5699999999999,0.05800264812910769,0.052046644931100124
710.0699999999999,0.05784078584720452,0.05197188035575539
712.47,0.057712125838288914,0.05187165171537205
715.1700000000001,0.05757611350328917,0.05162889398337516
717.6700000000001,0.05737253829300012,0.05160012087047942
720.5699999999999,0.05720670286558357,0.05123555331663243
723.1700000000001,0.05705724904738039,0.05119032349927625
731.1700000000001,0.056584565833115136,0.05080817963437948
738.97,0.05541282846286388,0.05077677841657934
746.0699999999999,0.05425376201063314,0.05039708041679369
748.6700000000001,0.05371050783727289,0.05039097677927484
751.3700000000001,0.05328394429176937,0.05039097677927484
753.8700000000001,0.05286896913720219,0.05039097677927484
756.77,0.052385577748943805,0.05039097677927484
759.3700000000001,0.05197188035575539,0.05039097677927484
762.0699999999999,0.05160012087047942,0.05039097677927484
764.6700000000001,0.05119032349927625,0.05039097677927484
767.3700000000001,0.05077677841657934,0.05039097677927484
769.8700000000001,0.05039708041679369,0.05039097677927484
772.5699999999999,0.049995621866896184,0.049995621866896184
775.1700000000001,0.04959978168812793,0.04959978168812793
777.5699999999999,0.04917178249928729,0.04917178249928729
780.1700000000001,0.048825039743689146,0.048825039743689146
782.6700000000001,0.04843575587415027,0.04843575587415027
785.27,0.04803956723117979,0.04810177352283631
787.6700000000001,0.047671025018559424,0.04803956723117979
790.1700000000001,0.047300504149505394,0.047671025018559424
792.8700000000001,0.04688804919233297,0.04755912979268037
795.3700000000001,0.046519934676353424,0.047408641643455464
798.0699999999999,0.04611161101178655,0.04735410817712091
800.6700000000001,0.045701385541229406,0.047300504149505394
808.8700000000001,0.04444507854645911,0.047216373809960896
816.5699999999999,0.04442754774695267,0.04700673889839841
823.5699999999999,0.04408311686748585,0.04688804919233297
826.0699999999999,0.043726665658925495,0.046854748200034636
828.47,0.04394466060387542,0.046839870832426134
830.97,0.04412929271872095,0.04668161233649683
833.3700000000001,0.044264862237739566,0.0465593964469738
836.1700000000001,0.04452749779389946,0.046519934676353424
838.5699999999999,0.044740021984300916,0.04646523085888453
841.3700000000001,0.044866774034207475,0.046282692994754876
844.0699999999999,0.045152826449712545,0.04611161101178655
846.77,0.04531462944512065,0.04609157689598083
849.27,0.04550111549807385,0.046010145500829824
852.0699999999999,0.04572231048562708,0.04589638248555632
854.5699999999999,0.04589638248555632,0.04572231048562708
857.3700000000001,0.04609157689598083,0.045701385541229406
859.8700000000001,0.046282692994754876,0.04550111549807385
862.3700000000001,0.04646523085888453,0.04541238530235763
865.0699999999999,0.04668161233649683,0.04531462944512065
867.47,0.046839870832426134,0.045152826449712545
870.1700000000001,0.04700673889839841,0.044866774034207475
872.6700000000001,0.047216373809960896,0.044855473021355806
875.27,0.04735410817712091,0.044740021984300916
877.97,0.04755912979268037,0.04452749779389946
885.6700000000001,0.04810177352283631,0.04444507854645911
893.8700000000001,0.047408641643455464,0.04442754774695267
900.47,0.046854748200034636,0.044264862237739566
903.17,0.0465593964469738,0.04425844224830412
905.67,0.046010145500829824,0.04412929271872095
908.37,0.04541238530235763,0.04408311686748585
910.87,0.044855473021355806,0.04394466060387542
913.67,0.04425844224830412,0.0437369835233451
916.07,0.0437369835233451,0.043726665658925495
918.67,0.043197483683892215,0.043197483683892215
921.37,0.04259389212601543,0.04259389212601543
923.87,0.04205976673727868,0.04205976673727868
926.57,0.04147151808674338,0.04147151808674338
929.07,0.04090925716152197,0.04090925716152197
931.87,0.04029530183982017,0.04029530183982017
934.47,0.0396988360526545,0.0396988360526545
937.17,0.03908029674891007,0.03908029674891007
939.67,0.03855308689430452,0.03855308689430452
942.07,0.03801336706224643,0.03801336706224643
944.77,0.03738016254784799,0.03738016254784799
947.37,0.03678092533100382,0.03678092533100382
950.07,0.03622223979440419,0.03622223979440419
952.57,0.03568110845404265,0.03568110845404265
955.27,0.035058036863809455,0.035058036863809455
963.07,0.0332963005397185,0.0332963005397185
970.67,0.03259583758763591,0.03259583758763591
977.67,0.0321194149457692,0.0321194149457692
980.27,0.031788948246426904,0.031788948246426904
982.67,0.031514667885984456,0.031514667885984456
985.07,0.031201803113328163,0.031201803113328163
987.57,0.0309520728428812,0.0309520728428812
990.07,0.030677354916307416,0.030677354916307416
992.67,0.030453911676750527,0.030453911676750527
995.67,0.03018134344071633,0.03018134344071633
998.27,0.029916439233638372,0.029916439233638372
1000.87,0.029617559705184596,0.029617559705184596
1003.37,0.02939144268048302,0.02939144268048302
1005.87,0.029161208921984202,0.029161208921984202
1008.57,0.028906314625396137,0.028906314625396137
1011.07,0.02865184633616166,0.02865184633616166
1013.57,0.028412294970704653,0.028412294970704653
1016.27,0.02815632956870408,0.02815632956870408
1019.17,0.027903595958579656,0.028043256211822208
1021.57,0.02767727097788637,0.028043256211822208
1024.37,0.02743196348445438,0.028043256211822208
1026.97,0.0271916798493063,0.028043256211822208
1029.67,0.026872599400190232,0.028043256211822208
1032.27,0.026635509752105147,0.028043256211822208
1039.87,0.02590283574138311,0.028043256211822208
1047.87,0.024738561646976763,0.028043256211822208
1054.57,0.024001314406839943,0.028043256211822208
1057.37,0.0232999102472587,0.028043256211822208
1059.87,0.023145264637193668,0.028043256211822208
1062.27,0.022929669780225613,0.028043256211822208
1064.87,0.022768564907549662,0.028043256211822208
1067.47,0.022605061238249444,0.027903595958579656
1070.17,0.022394998123897787,0.02767727097788637
1072.67,0.022294865761091555,0.02765926731456328
1075.57,0.02202795435184665,0.027506169901915407
1077.97,0.021888359212763022,0.02743196348445438
1080.37,0.02166983826846643,0.0271916798493063
1083.07,0.021458604413416345,0.02697571632391979
1085.57,0.021253159261492294,0.026872599400190232
1088.37,0.0211688347271153,0.026635509752105147
1090.77,0.020902771191966492,0.026456659162240468
1093.27,0.020744748838647638,0.026358635053221297
1095.77,0.020507533997128086,0.02590283574138311
1098.27,0.020322849637131882,0.02580066755037352
1100.77,0.020120744342341814,0.02540231888819595
1103.37,0.019960330906920995,0.025214546670811192
1105.87,0.019740124554366155,0.024738561646976763
1108.57,0.01954530049843311,0.024629253511191926
1116.17,0.0189850530374781,0.02436836743905461
1123.97,0.01854022748238217,0.0240643932535127
1130.87,0.018265022416832033,0.024001314406839943
1133.37,0.01811687066179067,0.023498477423246525
1136.17,0.018778509656077826,0.0232999102472587
1138.57,0.019300494095222123,0.02318721089249429
1141.07,0.019847077837949846,0.023145264637193668
1143.87,0.02056077535667296,0.02294356641306353
1146.27,0.02110079847331219,0.022929669780225613
1149.07,0.02180502632588244,0.022768564907549662
1151.57,0.0223366243752353,0.022605061238249444
1154.27,0.02294356641306353,0.022394998123897787
1156.67,0.023498477423246525,0.0223366243752353
1159.27,0.0240643932535127,0.022294865761091555
1161.87,0.024629253511191926,0.022145215146417846
1164.47,0.025214546670811192,0.02202795435184665
1167.07,0.02580066755037352,0.021888359212763022
1169.57,0.026358635053221297,0.02180502632588244
1172.37,0.02697571632391979,0.02166983826846643
1174.77,0.027506169901915407,0.021458604413416345
1177.37,0.028043256211822208,0.021253159261492294
1179.87,0.02860644550733344,0.0211688347271153
1182.37,0.029126650244368998,0.0211688347271153
1185.17,0.02974353901448469,0.0211688347271153
1192.87,0.03135861569036894,0.0211688347271153
1200.67,0.03346596900538876,0.0211688347271153
1207.77,0.03430175128749274,0.0211688347271153
1210.67,0.03446685494228621,0.0211688347271153
1213.17,0.033360888431124495,0.0211688347271153
1215.57,0.03225063943411245,0.0211688347271153
1218.27,0.031048838885579355,0.0211688347271153
1220.87,0.029931324684661746,0.0211688347271153
1223.57,0.02876302327415272,0.0211688347271153
1226.07,0.02765926731456328,0.0211688347271153
1228.87,0.026456659162240468,0.0211688347271153
1231.27,0.02540231888819595,0.0211688347271153
1233.67,0.02436836743905461,0.0211688347271153
1236.37,0.02318721089249429,0.0211688347271153
1238.77,0.022145215146417846,0.0211688347271153
1241.67,0.020867960103730536,0.0211688347271153
1244.17,0.019774591126139232,0.0211688347271153
1246.87,0.018587456844736366,0.0211688347271153
1249.27,0.01754314565981862,0.02180502632588244
1251.67,0.016481020291571124,0.022145215146417846
1254.37,0.01531418198509507,0.0223366243752353
1256.87,0.014200717744500574,0.0223366243752353
1259.67,0.013004232594680741,0.0223366243752353
1262.27,0.011849879944608158,0.0223366243752353
1269.87,0.008520850015277154,0.0223366243752353
1278.07,0.004153072504912579,0.0223366243752353
1284.77,0.001915521231018518,0.0223366243752353
1287.37,0.000920184883191323,0.0223366243752353
1289.87,0.0018726696829424229,0.0223366243752353
1292.57,0.002890696199722845,0.0223366243752353
1295.07,0.0038560881101399515,0.0223366243752353
1297.87,0.004969580533157043,0.0223366243752353
1300.37,0.005974805302788022,0.0223366243752353
1302.87,0.006900934037235502,0.0223366243752353
1305.47,0.007895804928051628,0.0223366243752353
1307.87,0.008765215647939086,0.0223366243752353
1310.57,0.009731024980815243,0.0223366243752353
1313.27,0.010729712654916658,0.022319463277978898
1316.07,0.01175301152044932,0.022145215146417846
1318.67,0.012661359465164817,0.021758738855152233
1321.37,0.013611549785070736,0.021758738855152233
1323.87,0.014512224483231414,0.021758738855152233
1326.57,0.015472983485163658,0.021758738855152233
1329.17,0.016378893366494906,0.021758738855152233
1331.87,0.01731058008767938,0.021758738855152233
1334.47,0.018213677362118853,0.021758738855152233
1337.07,0.019089457872501443,0.021758738855152233
1339.87,0.020035637084839113,0.021750849327231727
1347.87,0.022722071620160315,0.021750849327231727
1355.67,0.0253423120075823,0.021750849327231727
1362.67,0.026903273065847284,0.021727449632928237
1365.07,0.02740776320859052,0.021682457069074648
1367.57,0.027222468265523665,0.021649617988090897
1370.27,0.026918660273095744,0.021634574839097528
1372.77,0.026701323647321824,0.02162422173766129
1375.57,0.026451078045803232,0.021580445629090013
1377.97,0.02620500893331287,0.021578346147394064
1380.77,0.025946952096991868,0.021564237056770207
1383.57,0.025670157900499882,0.021523469272806267
1386.37,0.02539521819011293,0.021482794833745832
1388.87,0.025159841246102457,0.021410171256007686
1391.57,0.024894602666790663,0.021368941647771592
1394.07,0.024643395760096064,0.02133062535391565
1396.67,0.024390443972591644,0.021305790308884114
1399.17,0.024157014562017912,0.021291376291527716
1401.57,0.023906426797860956,0.021284338593234226
1404.07,0.023643733569094293,0.021284338593234226
1406.77,0.02340866560547416,0.021284338593234226
1409.57,0.023117912899759778,0.021284338593234226
1412.27,0.02285289042297451,0.021284338593234226
1414.97,0.022582815026837247,0.021284338593234226
1417.57,0.022319463277978898,0.021284338593234226
1425.57,0.021523469272806267,0.021284338593234226
1433.27,0.021255168508703803,0.021284338593234226
1439.77,0.021284338593234226,0.021284338593234226
1442.27,0.02125300164641485,0.021284338593234226
1444.87,0.021305790308884114,0.021284338593234226
1447.27,0.02133062535391565,0.021284338593234226
1449.77,0.021368941647771592,0.021284338593234226
1452.37,0.021410171256007686,0.021284338593234226
1454.87,0.021482794833745832,0.021284338593234226
1457.67,0.021580445629090013,0.021284338593234226
1460.27,0.021564237056770207,0.021284338593234226
1462.87,0.021578346147394064,0.021284338593234226
1465.37,0.021649617988090897,0.021284338593234226
1467.87,0.021634574839097528,0.021284338593234226
1470.37,0.02162422173766129,0.021284338593234226
1472.87,0.021682457069074648,0.021284338593234226
1475.67,0.021727449632928237,0.021284338593234226
1478.17,0.021758738855152233,0.021284338593234226
1480.87,0.02177499844266594,0.021284338593234226
1483.27,0.02179484266504283,0.021284338593234226
1486.17,0.021824330103049638,0.021284338593234226
1488.67,0.02185427972287807,0.021284338593234226
1491.27,0.021896094119039523,0.021284338593234226
1494.07,0.021877129847260396,0.021284338593234226
1501.57,0.021949449024497254,0.021284338593234226
1509.57,0.021750849327231727,0.021284338593234226
1516.17,0.021906855764633217,0.021284338593234226
1518.67,0.022115277850789056,0.021255168508703803
1521.37,0.021291376291527716,0.02125300164641485
1524.57,0.020332635768267802,0.020332635768267802
1526.97,0.01964904433018026,0.01964904433018026
1529.67,0.01883555341740325,0.01883555341740325
1532.17,0.018115662102603295,0.018115662102603295
1534.77,0.017356567369356892,0.017356567369356892
1537.67,0.01652304661001309,0.01652304661001309
1540.27,0.015783880052811495,0.015783880052811495
1542.77,0.015057135637357279,0.015057135637357279
1545.57,0.014264701967873437,0.014336284204311878
1548.07,0.013533619191309668,0.014316785882558717
1550.57,0.012802575212189329,0.014300607147422652
1553.07,0.012109497982055262,0.014278829312370385
1555.57,0.011407827787793236,0.014264701967873437
1558.07,0.01069270367187578,0.014210594400162863
1560.77,0.009937559039910912,0.014161652744431612
1563.57,0.009148958728010219,0.014114065377208536
1566.17,0.008430978884573328,0.014062855231037827
1568.87,0.007658479202630305,0.01401176057404375
1571.47,0.0069377144254384165,0.013965149775544552
1579.07,0.0048341982169374164,0.013955042663991661
1587.07,0.002769648779263295,0.013955042663991661
1593.57,0.00030825051676163667,0.013917046082514362
1596.07,-0.00055038617175057,0.013855548176293158
1598.77,1.4904742281632242e-05,0.013844198635600777
1601.37,0.0004918834920563393,0.013826919523202053
1604.07,0.0011423339189590702,0.013810417526929138
1606.57,0.0016769027120329693,0.013748085533877715
1609.37,0.0022601896573103647,0.013720089201263448
1612.07,0.0028154216123654602,0.013662652980515402
1614.87,0.0033543745748865817,0.01363147440968764
1617.37,0.003803602818934282,0.01360586516199044
1620.07,0.004378516592860237,0.013566140183665093
1622.57,0.004834864059489451,0.013533619191309668
1625.27,0.005378233733722973,0.013515728184029597
1627.87,0.005887940765429533,0.01347781199855877
1630.67,0.0064272620963450695,0.013471237331783589
1633.07,0.006863416733388622,0.013406855266528753
1635.57,0.00736950148372573,0.013308876786210233
1638.2700000000002,0.007870516429011267,0.013129625540545054
1640.7700000000002,0.00834587546910824,0.012816121126277336
1643.57,0.008875919540704639,0.012802575212189329
1645.97,0.00933689257531217,0.012539786051400988
1648.6699999999998,0.009836676113420728,0.012521335362012796
1656.57,0.011321345584858412,0.012159527576951133
1664.2700000000002,0.012539786051400988,0.012109497982055262
1671.2700000000002,0.013844198635600777,0.011801858350222941
1673.7700000000002,0.014336284204311878,0.011464323013723247
1676.37,0.014316785882558717,0.011407827787793236
1678.97,0.014300607147422652,0.011321345584858412
1681.37,0.014278829312370385,0.011140099697208623
1683.97,0.014210594400162863,0.010778277126261778
1686.37,0.014161652744431612,0.01069270367187578
1689.07,0.014114065377208536,0.010463385515057051
1691.57,0.014062855231037827,0.010094418454841953
1694.1699999999998,0.01401176057404375,0.009937559039910912
1696.6699999999998,0.013965149775544552,0.009836676113420728
1699.37,0.013917046082514362,0.00977791847532824
1702.07,0.013855548176293158,0.009454794464728787
1704.6699999999998,0.013826919523202053,0.00933689257531217
1707.37,0.013748085533877715,0.009148958728010219
1709.7700000000002,0.013720089201263448,0.00910400477393649
1712.57,0.013662652980515402,0.008875919540704639
1715.07,0.01360586516199044,0.008761073959759483
1717.87,0.013566140183665093,0.008430978884573328
1720.37,0.013515728184029597,0.00840734802752723
1723.07,0.013471237331783589,0.00834587546910824
1725.6699999999998,0.013406855266528753,0.008060649467646853
1733.37,0.013308876786210233,0.007870516429011267
1741.07,0.01363147440968764,0.007870516429011267
1747.6699999999998,0.013955042663991661,0.007870516429011267
1750.1699999999998,0.014168414036412516,0.007870516429011267
1752.87,0.013810417526929138,0.007870516429011267
1755.57,0.01347781199855877,0.007870516429011267
1758.1699999999998,0.013129625540545054,0.007870516429011267
1760.7700000000002,0.012816121126277336,0.007870516429011267
1763.2700000000002,0.012521335362012796,0.007870516429011267
1766.07,0.012159527576951133,0.007870516429011267
1768.87,0.011801858350222941,0.007870516429011267
1771.37,0.011464323013723247,0.007870516429011267
1773.7700000000002,0.011140099697208623,0.007870516429011267
1776.47,0.010778277126261778,0.007870516429011267
1778.87,0.010463385515057051,0.007870516429011267
1781.6699999999998,0.010094418454841953,0.007870516429011267
1784.07,0.00977791847532824,0.007870516429011267
1786.57,0.009454794464728787,0.007870516429011267
1789.2700000000002,0.00910400477393649,0.007870516429011267
1791.87,0.008761073959759483,0.007870516429011267
1794.57,0.00840734802752723,0.007870516429011267
1797.2700000000002,0.008060649467646853,0.007870516429011267
1799.87,0.007723210313561277,0.007723210313561277
1802.37,0.00740235004871438,0.00740235004871438
1810.17,0.00634701011094259,0.00634701011094259
1817.97,0.00492399417453604,0.00492399417453604
1824.47,0.003778619332954856,0.003778619332954856
1826.97,0.0034071379665882237,0.0034071379665882237
1829.57,0.0031764032197519557,0.0031764032197519557
1832.17,0.0029778612477726675,0.0029778612477726675
1834.87,0.0027392102954256026,0.0027392102954256026
1837.37,0.002541932842961576,0.002541932842961576
1840.07,0.0023002782699478226,0.0023002782699478226
1842.57,0.002097971903352297,0.002097971903352297
1845.27,0.0018518435567496845,0.0018518435567496845
1847.77,0.0016401575473026517,0.0016401575473026517
1850.27,0.0014279732901020655,0.0014279732901020655
1852.87,0.001220669805127723,0.001220669805127723
1855.37,0.001028708530269056,0.001028708530269056
1858.17,0.0007286530025903523,0.0007286530025903523
1860.67,0.0005371028847558128,0.0005371028847558128
1863.57,0.00025926697664646376,0.00025926697664646376
1865.97,6.2419221188691e-05,6.2419221188691e-05
1868.37,-9.297329513199647e-05,-9.297329513199647e-05
1871.07,-0.00040130235124103314,-0.00040130235124103314
1873.67,-0.0006216646031695743,-0.0006216646031695743
1876.37,-0.0008651182958865042,-0.0008651182958865042
1878.97,-0.0010659669789303986,-0.0010659669789303986
1886.87,-0.0017850431907537555,-0.0017850431907537555
1894.87,-0.002056057373458888,-0.002056057373458888
1901.87,-0.002365191704959739,-0.002276100824893095
1904.37,-0.002276100824893095,-0.002365191704959739
1906.87,-0.0023665063758843193,-0.0023665063758843193
1909.47,-0.002440668923342874,-0.002440668923342874
1911.97,-0.00252538516784197,-0.00252538516784197
1914.67,-0.002619242754429477,-0.002619242754429477
1917.07,-0.002737925280556779,-0.002737925280556779
1919.77,-0.0028549308906927365,-0.0028549308906927365
1922.37,-0.002949460543381266,-0.002949460543381266
1925.17,-0.003045672867359098,-0.003045672867359098
1927.57,-0.0031284810270046227,-0.0031284810270046227
1930.17,-0.003264034677250696,-0.003264034677250696
1932.77,-0.0033687322708770484,-0.0033687322708770484
1935.37,-0.0034974046534759703,-0.0034974046534759703
1938.07,-0.0035876265167204906,-0.0035876265167204906
1940.57,-0.003730182141948892,-0.003730182141948892
1943.37,-0.0038474805313257823,-0.0038474805313257823
1945.87,-0.003948139557969465,-0.003948139557969465
1948.67,-0.0040570691558971545,-0.0040570691558971545
1951.27,-0.004177750070088167,-0.004177750070088167
1953.87,-0.004301688067286586,-0.004301688067286586
1956.47,-0.004432778499240597,-0.004432778499240597
1964.07,-0.004764581677844912,-0.004764581677844912
1972.07,-0.005449855937857638,-0.005449855937857638
1978.77,-0.006117403041349872,-0.006117403041349872
1981.17,-0.006327620099603138,-0.006327620099603138
1984.07,-0.006470220424035617,-0.006470220424035617
1986.67,-0.006624578779889494,-0.006624578779889494
1989.37,-0.006761182801140117,-0.006761182801140117
1991.87,-0.006906061381791939,-0.006906061381791939
1994.57,-0.006975559341898916,-0.006975559341898916
1997.17,-0.007137491733799463,-0.007137491733799463
1999.67,-0.007308173229195942,-0.007308173229195942
2002.17,-0.007470649505709306,-0.007470649505709306
2004.57,-0.00757367961493349,-0.00757367961493349
2007.17,-0.007707852441130973,-0.007707852441130973
2009.57,-0.007854468711190702,-0.007854468711190702
2012.17,-0.008019345828138175,-0.008019345828138175
2014.87,-0.00813329053386392,-0.00813329053386392
2017.37,-0.008210261326504853,-0.008210261326504853
2020.07,-0.008384497463344671,-0.008384497463344671
2022.57,-0.008531223206929091,-0.008531223206929091
2025.37,-0.008652902208837345,-0.008652902208837345
2027.87,-0.008730527798631958,-0.008730527798631958
2030.67,-0.00894529501343997,-0.00894529501343997
2033.27,-0.00902624371902198,-0.00902624371902198
2040.87,-0.009368132571171627,-0.009368132571171627
2048.9700000000003,-0.00980969315316914,-0.00980969315316914
2055.67,-0.009995362572328848,-0.009856230410070143
2058.37,-0.009977513199701625,-0.009868669073721416
2060.87,-0.009906368286117798,-0.009891739887607444
2063.57,-0.009920329907355398,-0.009906368286117798
2066.07,-0.009917822836096388,-0.00991729167234091
2068.7700000000004,-0.00991729167234091,-0.009917822836096388
2071.2700000000004,-0.009927668989175575,-0.009920329907355398
2074.17,-0.009868669073721416,-0.00992223848401128
2076.67,-0.009856230410070143,-0.009927668989175575
2079.17,-0.009891739887607444,-0.00993495869095825
2081.7700000000004,-0.009940782650694188,-0.009937663058895815
2084.37,-0.009937663058895815,-0.009940782650694188
2086.7700000000004,-0.00993495869095825,-0.009960097280830188
2089.57,-0.009960097280830188,-0.009977513199701625
2092.07,-0.00992223848401128,-0.009986760305543067
2094.7700000000004,-0.009988464879694028,-0.009988464879694028
2097.2700000000004,-0.009986760305543067,-0.009989673812433968
2099.87,-0.010035196540389816,-0.009995362572328848
2102.37,-0.01002261110802986,-0.00999838838185402
2105.17,-0.009989673812433968,-0.01002261110802986
2107.57,-0.00999838838185402,-0.010035196540389816
2110.17,-0.010060935984247754,-0.010060935984247754
2118.17,-0.010122716940235994,-0.010122716940235994
2126.07,-0.010335578794553843,-0.010335578794553843
2132.87,-0.010533866352259088,-0.010507326368770673
2135.37,-0.010507326368770673,-0.010533866352259088
2137.87,-0.010744404950523131,-0.010744404950523131
2140.57,-0.011041443555558568,-0.011041443555558568
2142.9700000000003,-0.011303317317428478,-0.011303317317428478
2145.67,-0.011598175206820006,-0.011598175206820006
2148.07,-0.011972452352080658,-0.011972452352080658
2150.67,-0.012215682103670241,-0.012215682103670241
2153.37,-0.01250358273165075,-0.01250358273165075
2155.7700000000004,-0.012714997874589172,-0.012714997874589172
2158.57,-0.013092208455577042,-0.013092208455577042
2161.2700000000004,-0.013415439489071269,-0.013415439489071269
2163.67,-0.013729022623719672,-0.013729022623719672
2166.2700000000004,-0.013993814114606314,-0.013993814114606314
2168.67,-0.014294245559736208,-0.014294245559736208
2171.2700000000004,-0.014578826182293293,-0.014578826182293293
2173.7700000000004,-0.014871909557865217,-0.014871909557865217
2176.67,-0.015184496884307848,-0.015184496884307848
2179.2700000000004,-0.015462240409553376,-0.015462240409553376
2181.87,-0.01580718995249918,-0.01580718995249918
2184.37,-0.016072322259013668,-0.016072322259013668
2187.2700000000004,-0.016418861786783076,-0.016418861786783076
2194.87,-0.017266000083014005,-0.017266000083014005
2203.07,-0.01804712166751888,-0.01804712166751888
2209.57,-0.01887570791848052,-0.01887570791848052
2212.17,-0.019164722690796034,-0.019164722690796034
2214.67,-0.019451813012408472,-0.019451813012408472
2217.2700000000004,-0.019786607263801728,-0.019786607263801728
2219.87,-0.02006099410925557,-0.02006099410925557
2222.4700000000003,-0.020446097303879494,-0.020446097303879494
2225.17,-0.020747159680205178,-0.020747159680205178
2227.7700000000004,-0.021068969222204723,-0.021068969222204723
2230.57,-0.021399640883263033,-0.021399640883263033
2233.2700000000004,-0.021728781248866076,-0.021728781248866076
2235.87,-0.022082394070673007,-0.022082394070673007
2238.4700000000003,-0.022432768037469762,-0.022432768037469762
2241.17,-0.022713054497810702,-0.022713054497810702
2243.67,-0.02313486654877575,-0.02313486654877575
2246.17,-0.023384459628813747,-0.023384459628813747
2248.87,-0.023719884875026746,-0.023719884875026746
2251.2700000000004,-0.024052560879943022,-0.024052560879943022
2253.67,-0.024331275705552383,-0.024331275705552383
2256.37,-0.02469913106868801,-0.02469913106868801
2258.87,-0.025042384828957084,-0.025042384828957084
2261.57,-0.025423363243869023,-0.025423363243869023
2264.07,-0.025632935158017716,-0.025632935158017716
2272.17,-0.02682234010497557,-0.02682234010497557
2279.9700000000003,-0.02750662017937351,-0.02750662017937351
2286.67,-0.027713397845321678,-0.027604499477236852
2289.2700000000004,-0.027604499477236852,-0.027713397845321678
2291.7700000000004,-0.02784216107901763,-0.02784216107901763
2294.67,-0.028090516836991056,-0.028090516836991056
2297.17,-0.028313419180360733,-0.028313419180360733
2299.87,-0.028538837921365717,-0.028538837921365717
2302.37,-0.02884231659169972,-0.02884231659169972
2304.87,-0.029024577003949757,-0.029024577003949757
2307.57,-0.02936664440546167,-0.02936664440546167
2310.07,-0.02953306749712554,-0.02953306749712554
2312.87,-0.029833389860148326,-0.029833389860148326
2315.37,-0.030061488129742076,-0.030061488129742076
2318.07,-0.030362569959661138,-0.030362569959661138
2320.67,-0.03055945458591824,-0.0303952444808421
2323.07,-0.03081746561409491,-0.03055945458591824
2325.67,-0.031129725093066246,-0.030579642833922473
2328.17,-0.03127799233674706,-0.030722922015460324
2330.87,-0.03155011194021172,-0.03081746561409491
2333.4700000000003,-0.031763453357590114,-0.03099585994989583
2336.17,-0.0320055357885234,-0.03104117672917761
2338.57,-0.0322556982502658,-0.031129725093066246
2341.17,-0.03251634786765694,-0.03127799233674706
2349.07,-0.03329058400729125,-0.03155011194021172
2356.67,-0.03458956438124442,-0.031569524375607595
2363.37,-0.035890916864524336,-0.031763453357590114
2366.07,-0.036077654330911174,-0.031908266470912945
2368.4700000000003,-0.03597947154164317,-0.0320055357885234
2371.37,-0.03582287692551985,-0.032092088911413734
2373.87,-0.03568443836361599,-0.0322556982502658
2376.67,-0.03562794789044671,-0.03229226626714028
2379.07,-0.03541367809915528,-0.03251634786765694
2381.67,-0.035175285824625084,-0.032593385078775565
2384.2700000000004,-0.03499163937460277,-0.032683099474389694
2386.67,-0.034819867847331085,-0.03274887709837716
2389.37,-0.034659522907764834,-0.03293961339251297
2391.9700000000003,-0.0343956197257661,-0.03310638904480578
2394.37,-0.03426832686844553,-0.03325868197097858
2397.07,-0.034055513957750354,-0.03329058400729125
2399.57,-0.03392915252888644,-0.033410197881416595
2402.07,-0.03374863572574405,-0.0334633950014845
2404.57,-0.03352878772175095,-0.03352878772175095
2406.9700000000003,-0.033410197881416595,-0.03374863572574405
2409.57,-0.03325868197097858,-0.033780756240723776
2412.17,-0.03293961339251297,-0.03392915252888644
2414.57,-0.03274887709837716,-0.034055513957750354
2417.37,-0.032593385078775565,-0.03420664662099232
2424.87,-0.032092088911413734,-0.03426832686844553
2433.07,-0.03104117672917761,-0.0343956197257661
2439.57,-0.030579642833922473,-0.03457373184571387
2442.07,-0.0303952444808421,-0.03458956438124442
2444.7700000000004,-0.030722922015460324,-0.034659522907764834
2447.37,-0.03099585994989583,-0.034819867847331085
2450.07,-0.031569524375607595,-0.03496445449100108
2452.57,-0.031908266470912945,-0.03499163937460277
2455.2700000000004,-0.03229226626714028,-0.035175285824625084
2457.87,-0.032683099474389694,-0.03540127063256714
2460.67,-0.03310638904480578,-0.03541367809915528
2463.07,-0.0334633950014845,-0.03562794789044671
2465.57,-0.033780756240723776,-0.03568443836361599
2468.2700000000004,-0.03420664662099232,-0.03575625815339878
2470.67,-0.03457373184571387,-0.03582287692551985
2473.37,-0.03496445449100108,-0.035890916864524336
2475.9700000000003,-0.03540127063256714,-0.03597947154164317
2478.7700000000004,-0.03575625815339878,-0.036077654330911174
2481.2700000000004,-0.03624304393808993,-0.03624304393808993
2483.67,-0.036515052895986055,-0.036515052895986055
2486.37,-0.03689378353888271,-0.03689378353888271
2488.87,-0.03724401208294632,-0.03724401208294632
2491.57,-0.03766875506209296,-0.03766875506209296
2494.17,-0.037987286656518404,-0.037987286656518404
2501.7700000000004,-0.0391979360257913,-0.0391979360257913
2509.7700000000004,-0.04041863195559976,-0.04041863195559976
2516.4700000000003,-0.04185789706477748,-0.04185789706477748
2519.2700000000004,-0.042272764736813434,-0.042255551375030675
2521.7700000000004,-0.042255551375030675,-0.042272764736813434
2524.57,-0.04247140314039835,-0.04247140314039835
2527.07,-0.04261251007304436,-0.04261251007304436
2529.57,-0.042856262426610524,-0.042856262426610524
2532.17,-0.04299129094174686,-0.04299129094174686
2534.67,-0.043144624097714475,-0.043144624097714475
2537.37,-0.043277242311669344,-0.043277242311669344
2539.7700000000004,-0.043423617908149026,-0.043423617908149026
2542.2700000000004,-0.043613856039523384,-0.043613856039523384
2544.87,-0.043768200738595504,-0.043768200738595504
2547.2700000000004,-0.043863943283365306,-0.043863943283365306
2550.07,-0.04399787300356781,-0.04399787300356781
2552.4700000000003,-0.04409553059978959,-0.04409553059978959
2554.87,-0.04425032074494423,-0.04425032074494423
2557.57,-0.04431615224947,-0.04431615224947
2559.9700000000003,-0.044478452619625526,-0.044478452619625526
2562.7700000000004,-0.04464873389284806,-0.04464873389284806
2565.37,-0.04478660425063533,-0.04478660425063533
2568.17,-0.04481019900691597,-0.04481019900691597
2570.87,-0.04502870499091828,-0.04502870499091828
2578.87,-0.04539030047025589,-0.04521331991972811
2586.4700000000003,-0.045852236654147276,-0.04529800263866194
2593.17,-0.04529800263866194,-0.045310926955050616
2595.7700000000004,-0.04521331991972811,-0.04534854603453752
2598.2700000000004,-0.04537573455497079,-0.04537573455497079
2601.07,-0.045310926955050616,-0.04539030047025589
2603.57,-0.04534854603453752,-0.0454767492365709
2606.07,-0.0454767492365709,-0.04566824797814373
2608.7700000000004,-0.04566824797814373,-0.04571494996732599
2611.2700000000004,-0.04576886531172804,-0.04576886531172804
2613.87,-0.04571494996732599,-0.0457948799516252
2616.37,-0.0457948799516252,-0.045852236654147276
2619.07,-0.045875764095461666,-0.045875764095461666
2621.67,-0.04592613883697278,-0.04589494163451409
2624.37,-0.0458984854137929,-0.0458984854137929
2627.07,-0.04589494163451409,-0.04592613883697278
2629.67,-0.04600045846566848,-0.045953499606083546
2632.07,-0.045953499606083546,-0.04600045846566848
2634.57,-0.04609426784810485,-0.04609426784810485
2637.2700000000004,-0.04614758421976636,-0.04614758421976636
2639.87,-0.046245123280761656,-0.04614978019522908
2642.57,-0.04622551010969522,-0.04622551010969522
2645.07,-0.04614978019522908,-0.046245123280761656
2647.67,-0.04636265061552295,-0.04636265061552295
2655.2700000000004,-0.04642030856869619,-0.04642030856869619
2662.9700000000003,-0.04725701024002753,-0.04698066993067005
2669.87,-0.04897316952208354,-0.04718898711819225
2672.37,-0.049478388301540784,-0.04724958243585679
2674.7700000000004,-0.04988158852505978,-0.04725701024002753
2677.57,-0.0503497213083314,-0.04751415513454131
2679.9700000000003,-0.05065530367907548,-0.04776474866435782
2682.67,-0.05108080860192194,-0.04796329977077134
2685.17,-0.051464651981504135,-0.04811947908354227
2688.07,-0.05178659201347889,-0.048338312040041236
2690.57,-0.05236735303024408,-0.04855662389229217
2693.37,-0.05267653575263649,-0.04883617005969614
2695.7700000000004,-0.05301651069148497,-0.04897316952208354
2698.67,-0.05348883221804168,-0.04915865639759856
2701.07,-0.05385042569119292,-0.049478388301540784
2703.87,-0.05430883707406197,-0.049520624685487784
2706.37,-0.05470290576340556,-0.04960550194645876
2708.7700000000004,-0.055010932511653225,-0.04985272640495343
2711.67,-0.055490649100744485,-0.04988158852505978
2714.17,-0.05588282353740073,-0.050038305658373194
2716.87,-0.05627441605655261,-0.050324865788632905
2719.37,-0.05656711010906251,-0.0503497213083314
2722.07,-0.05702707527272394,-0.0505065101411944
2724.7700000000004,-0.05751246798478177,-0.05065530367907548
2732.7700000000004,-0.05862637209914545,-0.05066000509565649
2740.37,-0.05890392413476035,-0.05072393288347031
2746.9700000000003,-0.05855721642864047,-0.05100646608546396
2749.67,-0.058306900741961876,-0.0510131169929962
2752.07,-0.0579672295393616,-0.05108080860192194
2754.67,-0.05748851927906045,-0.05138869458340375
2757.37,-0.05712632259186123,-0.05140776315162658
2759.87,-0.056718900385521735,-0.051464651981504135
2762.57,-0.05639312997123459,-0.05155899025588512
2765.17,-0.05598196187631048,-0.05173285262769967
2767.67,-0.05565109430230325,-0.05178659201347889
2770.17,-0.05518080099154912,-0.05191886119355397
2772.67,-0.054879709845640154,-0.05211034650913337
2775.37,-0.0544427936226697,-0.05219733885911767
2777.7700000000004,-0.05403182881573501,-0.05236735303024408
2780.57,-0.05368022816686146,-0.05250928127568258
2782.9700000000003,-0.053317830136423945,-0.05255518579162572
2785.37,-0.05293835834105245,-0.05267653575263649
2788.07,-0.05255518579162572,-0.05293835834105245
2790.57,-0.05211034650913337,-0.05301651069148497
2793.37,-0.05173285262769967,-0.053317830136423945
2795.9700000000003,-0.05140776315162658,-0.05348883221804168
2798.67,-0.0510131169929962,-0.05350596434987401
2801.2700000000004,-0.05072393288347031,-0.05368022816686146
2808.87,-0.04960550194645876,-0.05385042569119292
2816.57,-0.04811947908354227,-0.05403182881573501
2823.4700000000003,-0.04718898711819225,-0.05430883707406197
2825.87,-0.04698066993067005,-0.0544427936226697
2828.57,-0.04724958243585679,-0.05451311151272458
2831.07,-0.04751415513454131,-0.05470290576340556
2833.87,-0.04776474866435782,-0.054879709845640154
2836.37,-0.04796329977077134,-0.055010932511653225
2839.17,-0.048338312040041236,-0.05518080099154912
2841.7700000000004,-0.04855662389229217,-0.055490649100744485
2844.37,-0.04883617005969614,-0.05565109430230325
2846.7700000000004,-0.04915865639759856,-0.05588282353740073
2849.2700000000004,-0.049520624685487784,-0.05588916514662753
2851.87,-0.04985272640495343,-0.05598196187631048
2854.2700000000004,-0.050038305658373194,-0.05608483317916633
2857.17,-0.050324865788632905,-0.05627441605655261
2859.57,-0.0505065101411944,-0.05639312997123459
2862.07,-0.05066000509565649,-0.05643305472213776
2864.7700000000004,-0.05100646608546396,-0.05656711010906251
2867.2700000000004,-0.05138869458340375,-0.056718900385521735
2869.87,-0.05155899025588512,-0.05702707527272394
2872.4700000000003,-0.05191886119355397,-0.05712632259186123
2875.17,-0.05219733885911767,-0.0573069911290903
2877.7700000000004,-0.05250928127568258,-0.05748851927906045
2885.87,-0.05350596434987401,-0.05751246798478177
2893.7700000000004,-0.05451311151272458,-0.05796341368305874
2900.9700000000003,-0.05588916514662753,-0.0579672295393616
2903.37,-0.05608483317916633,-0.0579672295393616
2906.17,-0.05643305472213776,-0.0579672295393616
2908.67,-0.0573069911290903,-0.0579672295393616
2911.37,-0.05796341368305874,-0.0579672295393616
2913.9700000000003,-0.05863957205661859,-0.05863957205661859
2916.37,-0.059286875176175854,-0.059286875176175854
2919.07,-0.06001144008061118,-0.06001144008061118
2921.67,-0.06048585030859552,-0.06048585030859552
2924.37,-0.06108967821812544,-0.06108967821812544
2926.7700000000004,-0.06155180491482958,-0.06155180491482958
2929.57,-0.06215513086939076,-0.06215513086939076
2932.07,-0.06264702634888866,-0.06264702634888866
2934.87,-0.06342459509128039,-0.06342459509128039
2937.37,-0.06399787473618859,-0.06399787473618859
2940.17,-0.06486951071220592,-0.06486951071220592
2942.67,-0.06551657967798015,-0.06551657967798015
2945.07,-0.06612432859268792,-0.06612432859268792
2947.7700000000004,-0.06671165744386885,-0.06671165744386885
2950.37,-0.0674053256542067,-0.0674053256542067
2953.07,-0.06789143201718167,-0.06789143201718167
2955.57,-0.06833336457894683,-0.06833336457894683
2963.07,-0.07028199478220791,-0.07028199478220791
2970.67,-0.07335123043044041,-0.07335123043044041
2977.57,-0.07553506519570528,-0.07553506519570528
2979.9700000000003,-0.0763943837967148,-0.0763943837967148
2982.67,-0.0772881217651108,-0.0772881217651108
2985.2700000000004,-0.0781872720523961,-0.0781872720523961
2987.67,-0.07899830892509818,-0.07899830892509818
2990.2700000000004,-0.07998916436520308,-0.07998916436520308
2992.67,-0.0808053037566788,-0.0808053037566788
2995.37,-0.08187273351848107,-0.08187273351848107
2998.07,-0.08291858179646047,-0.08291858179646047
3000.67,-0.08395009198947477,-0.08395009198947477
3003.07,-0.08507924061000331,-0.08507924061000331
3005.67,-0.08603376693504727,-0.08603376693504727
3008.2700000000004,-0.0868402819463235,-0.0868402819463235
3010.87,-0.08791511527900832,-0.08791511527900832
3013.57,-0.08893903633716305,-0.08893903633716305
3016.07,-0.08994011598743348,-0.08994011598743348
3018.7700000000004,-0.09106252230188025,-0.09106252230188025
3021.2700000000004,-0.09204933432535985,-0.09204933432535985
3024.17,-0.09331505539595025,-0.09331505539595025
3026.67,-0.09444241668287919,-0.09444241668287919
3029.37,-0.09553384949589686,-0.09553384949589686
3031.9700000000003,-0.0966201263741839,-0.0966201263741839
3039.57,-0.10021148487512273,-0.10021148487512273
3047.57,-0.10346332586834006,-0.10346332586834006
3054.2700000000004,-0.10685956354994294,-0.10351818683433707
3057.17,-0.10841231400348303,-0.10351818683433707
3059.67,-0.10913676731373936,-0.10351818683433707
3062.37,-0.10950046592959271,-0.10351818683433707
3064.87,-0.1103580039662155,-0.10351818683433707
3067.4700000000003,-0.11103468495311589,-0.10351818683433707
3069.9700000000003,-0.11129565494884165,-0.10351818683433707
3072.57,-0.11207323502909441,-0.10351818683433707
3075.2700000000004,-0.11269499587459,-0.10351818683433707
3077.67,-0.11323472274528958,-0.10351818683433707
3080.37,-0.11366332725999176,-0.10351818683433707
3082.9700000000003,-0.11424260685794059,-0.10351818683433707
3085.57,-0.114923250428468,-0.10351818683433707
3088.37,-0.11534451837880094,-0.10351818683433707
3091.07,-0.11601787694809985,-0.10351818683433707
3093.4700000000003,-0.1166650405886182,-0.10351818683433707
3095.87,-0.1168950300758441,-0.10351818683433707
3098.57,-0.11759875438720846,-0.10351818683433707
3101.07,-0.11825074090606964,-0.10351818683433707
3103.67,-0.11876766891094007,-0.10351818683433707
3106.17,-0.11930976074603651,-0.10351818683433707
3108.7700000000004,-0.11978002615518228,-0.10351818683433707
3116.67,-0.12120945188035935,-0.10351818683433707
3125.07,-0.12176884971303875,-0.10351818683433707
3131.67,-0.12139759629653883,-0.10351818683433707
3134.37,-0.12074687129208395,-0.10351818683433707
3136.87,-0.12004745865842764,-0.10351818683433707
3139.37,-0.11967969546932933,-0.10351818683433707
3142.07,-0.11921576865804781,-0.10351818683433707
3144.57,-0.11857680059689524,-0.10351818683433707
3147.07,-0.11826620829803944,-0.10351818683433707
3149.7700000000004,-0.11754325911427968,-0.10351818683433707
3152.37,-0.11692664052286791,-0.10351818683433707
3155.07,-0.11641170156302792,-0.10351818683433707
3157.4700000000003,-0.1157592133157182,-0.10351818683433707
3160.07,-0.11504030109707997,-0.10351818683433707
3162.57,-0.11428897949154436,-0.10351818683433707
3165.37,-0.11363346190132241,-0.10351818683433707
3167.87,-0.11291641666573718,-0.10351818683433707
3170.2700000000004,-0.11253974272553252,-0.10351818683433707
3172.87,-0.11166586781814357,-0.10351818683433707
3175.2700000000004,-0.11122710251801472,-0.10351818683433707
3178.17,-0.1105222536644746,-0.10351818683433707
3180.7700000000004,-0.11003860577113013,-0.10351818683433707
3183.2700000000004,-0.10926904540596638,-0.10351818683433707
3186.07,-0.10847149466619437,-0.10589552645005222
3194.17,-0.10662523222288695,-0.10651120196209023
3201.87,-0.10589552645005222,-0.10662523222288695
3208.67,-0.10651120196209023,-0.10669250110551509
3211.2700000000004,-0.10669250110551509,-0.10685956354994294
3213.7700000000004,-0.10351818683433707,-0.10841231400348303
3216.57,-0.10017092491758461,-0.10847149466619437
3219.07,-0.09735950447371038,-0.10913676731373936
3221.87,-0.0940246079136243,-0.10894522149103919
3224.37,-0.0913073200390605,-0.10847149466619437
3227.17,-0.08860542945151038,-0.10669250110551509
3229.67,-0.08620593679459228,-0.10662523222288695
3232.17,-0.08381087477264058,-0.10651120196209023
3234.7700000000004,-0.0815065692220144,-0.1061615654121388
3237.37,-0.07922653243096237,-0.10589552645005222
3240.07,-0.0770795204782339,-0.1039182890727517
3242.67,-0.07505793743370467,-0.10351818683433707
3245.37,-0.07292377921079331,-0.10156589579190665
3247.87,-0.07096805562722401,-0.10017092491758461
3250.37,-0.06923100811247851,-0.09933490227432193
3252.9700000000003,-0.06730085471062217,-0.09859381260697611
3255.57,-0.06549051961307815,-0.09735950447371038
3258.07,-0.06375505500199967,-0.09725716579643072
3260.57,-0.062011987357256486,-0.09481991776315549
3263.17,-0.060391525219423224,-0.0940246079136243
3270.9700000000003,-0.05551931090658241,-0.09296300025087854
3278.67,-0.050660266984504355,-0.0913073200390605
3285.67,-0.04595356657573167,-0.09099059244073546
3288.07,-0.04443466496788329,-0.0892951199696512
3290.57,-0.04609707757278764,-0.08898473473464077
3293.2700000000004,-0.04799373982676642,-0.08860542945151038
3295.7700000000004,-0.049828743828275186,-0.08704685356932368
3298.57,-0.05194632698040228,-0.08628992581527928
3300.9700000000003,-0.05377141489910879,-0.08620593679459228
3303.67,-0.05587027654886735,-0.08498890342546067
3306.2700000000004,-0.05789463547199308,-0.08381087477264058
3308.67,-0.059720608161848834,-0.08365855667113828
3311.2700000000004,-0.06185620118691807,-0.08305977837651973
3313.87,-0.06407555403543608,-0.0815065692220144
3316.2700000000004,-0.06595028873348423,-0.08120282395071612
3319.07,-0.06854444460677214,-0.08077902284903551
3321.67,-0.07089592568716994,-0.07940969940368414
3324.37,-0.07328231831859185,-0.07922653243096237
3326.7700000000004,-0.0755902170389432,-0.07809648711776782
3329.2700000000004,-0.07809648711776782,-0.0770795204782339
3331.87,-0.08077902284903551,-0.07680015806058552
3334.67,-0.08365855667113828,-0.07680015806058552
3337.07,-0.08628992581527928,-0.07680015806058552
3339.67,-0.0892951199696512,-0.07680015806058552
3347.37,-0.09859381260697611,-0.07680015806058552
3355.17,-0.10980121505368173,-0.07680015806058552
3362.2700000000004,-0.12029359668871482,-0.07680015806058552
3365.17,-0.12436494203686259,-0.07680015806058552
3367.57,-0.12173993924255708,-0.07680015806058552
3370.17,-0.11917812647539884,-0.07680015806058552
3372.7700000000004,-0.11647365034573566,-0.07680015806058552
3375.37,-0.1139572293782393,-0.07680015806058552
3378.07,-0.11132519100458185,-0.07680015806058552
3380.57,-0.10894522149103919,-0.07680015806058552
3383.37,-0.1061615654121388,-0.07680015806058552
3385.87,-0.1039182890727517,-0.07680015806058552
3388.2700000000004,-0.10156589579190665,-0.07680015806058552
3390.87,-0.09933490227432193,-0.07680015806058552
3393.2700000000004,-0.09725716579643072,-0.07680015806058552
3396.17,-0.09481991776315549,-0.07680015806058552
3398.57,-0.09296300025087854,-0.07680015806058552
3401.07,-0.09099059244073546,-0.07680015806058552
3403.67,-0.08898473473464077,-0.07751544121471675
3406.17,-0.08704685356932368,-0.07809648711776782
3408.87,-0.08498890342546067,-0.07925881392007451
3411.57,-0.08305977837651973,-0.07940969940368414
3414.17,-0.08120282395071612,-0.07943157867066275
3416.67,-0.07940969940368414,-0.07996843689491989
3424.2700000000004,-0.07426199653873598,-0.07996843689491989
3432.37,-0.06989190295821088,-0.07996843689491989
3439.2700000000004,-0.06618439676552211,-0.07996843689491989
3441.7700000000004,-0.06506795151291252,-0.08008750399595321
3444.2700000000004,-0.06561509683054403,-0.08030048204222455
3446.9700000000003,-0.0662464600247839,-0.0804719344107655
3449.37,-0.06672222211245335,-0.08066148746198996
3451.9700000000003,-0.06738445795242184,-0.08071925266901381
3454.57,-0.06791692449915741,-0.08077902284903551
3457.07,-0.06847346630578474,-0.08094510636006626
3459.67,-0.06915266723297289,-0.08097253090370764
3462.2700000000004,-0.06978215223608239,-0.08112100354248283
3464.67,-0.07041188498186934,-0.08120282395071612
3467.4700000000003,-0.07106901973155237,-0.08122350849547365
3469.87,-0.07167016116079798,-0.08131181235333695
3472.67,-0.0724035448717973,-0.0813835142258282
3475.07,-0.07295670617583373,-0.08140503840667113
3477.57,-0.07354729356871796,-0.0815585565838689
3479.9700000000003,-0.07418138150573846,-0.08174207635724984
3482.37,-0.07476349565414528,-0.08188115623232559
3484.9700000000003,-0.07542470225721748,-0.082029428333886
3487.57,-0.07605747497422265,-0.08203947772781031
3490.07,-0.07680015806058552,-0.0821374434776391
3492.87,-0.07751544121471675,-0.08218730912375327
3500.57,-0.07943157867066275,-0.08218730912375327
3508.2700000000004,-0.07925881392007451,-0.08218730912375327
3516.2700000000004,-0.08218730912375327,-0.08218730912375327
3518.7700000000004,-0.08305730059054342,-0.08218730912375327
3521.2700000000004,-0.08293293988952567,-0.08218730912375327
3523.87,-0.08281299533317352,-0.08218730912375327
3526.37,-0.0828689893977118,-0.08218730912375327
3529.17,-0.08273412935465077,-0.08218730912375327
3531.57,-0.08270668177142745,-0.08218730912375327
3534.37,-0.08249613079444873,-0.08218730912375327
3537.07,-0.08241660888439202,-0.08218730912375327
3539.67,-0.0821374434776391,-0.08218730912375327
3542.17,-0.08203947772781031,-0.08218730912375327
3544.87,-0.08188115623232559,-0.08218730912375327
3547.57,-0.08174207635724984,-0.08218730912375327
3550.37,-0.0815585565838689,-0.08218730912375327
3552.87,-0.08140503840667113,-0.08218730912375327
3555.2700000000004,-0.08131181235333695,-0.08218730912375327
3558.07,-0.08122350849547365,-0.08218730912375327
3560.4700000000003,-0.08097253090370764,-0.08218730912375327
3563.2700000000004,-0.08094510636006626,-0.08218730912375327
3565.87,-0.08066148746198996,-0.08218730912375327
3568.67,-0.0804719344107655,-0.08218730912375327
3571.2700000000004,-0.08030048204222455,-0.08218730912375327
3578.87,-0.07996843689491989,-0.08218730912375327
3587.07,-0.08112100354248283,-0.08241660888439202
3594.17,-0.07951407076751305,-0.08249613079444873
3596.57,-0.07887853502824563,-0.08270668177142745
3599.17,-0.07946016187591573,-0.08272675217528605
3601.7700000000004,-0.08008750399595321,-0.08273412935465077
3604.27,-0.08071925266901381,-0.08281299533317352
3607.07,-0.0813835142258282,-0.0828689893977118
3609.47,-0.082029428333886,-0.08293293988952567
3612.17,-0.08272675217528605,-0.08305730059054342
3614.67,-0.08337125966261319,-0.08337125966261319
3617.37,-0.08401655396318318,-0.08401655396318318
3619.77,-0.08460398768970223,-0.08460398768970223
3622.37,-0.08522685382187467,-0.08522685382187467
3625.07,-0.0859265576407742,-0.0859265576407742
3627.57,-0.08669187622138716,-0.08669187622138716
3630.37,-0.08744328702802738,-0.08744328702802738
3632.87,-0.08815746397056151,-0.08815746397056151
3635.47,-0.08882863587652234,-0.08882863587652234
3637.87,-0.08948778261298292,-0.08948778261298292
3640.87,-0.09049198310422274,-0.09049198310422274
3643.37,-0.09119252432716986,-0.09119252432716986
3646.17,-0.09204846459898892,-0.09204846459898892
3648.77,-0.0927393870339298,-0.0927393870339298
3656.37,-0.09515118440870284,-0.09515118440870284
3664.57,-0.09813128625259104,-0.09813128625259104
3671.07,-0.10131485371764111,-0.10131485371764111
3673.57,-0.10246868068527841,-0.10221826736407731
3676.27,-0.10258420762353948,-0.10224693322579433
3678.87,-0.10267592550837852,-0.10246868068527841
3681.5700000000006,-0.10263986896238837,-0.10250953486677997
3684.37,-0.10266562750552705,-0.10258420762353948
3686.87,-0.10273036606905296,-0.10263986896238837
3689.67,-0.10275586307908982,-0.10266562750552705
3692.27,-0.10279566268752506,-0.10267592550837852
3695.0700000000006,-0.10271461668756074,-0.10269056640368746
3697.5700000000006,-0.10269056640368746,-0.10271461668756074
3700.37,-0.10292423475090422,-0.10273036606905296
3702.87,-0.1029313234714216,-0.10275586307908982
3705.37,-0.10297581248910591,-0.10279566268752506
3708.0700000000006,-0.10300317545578279,-0.10292423475090422
3710.5700000000006,-0.10296017182999907,-0.1029313234714216
3713.27,-0.10304430467088706,-0.10296017182999907
3715.77,-0.10300963081573244,-0.10297581248910591
3718.67,-0.10314327358545579,-0.10300317545578279
3721.27,-0.10317169181994724,-0.10300963081573244
3723.87,-0.1031055408553056,-0.10304430467088706
3726.5700000000006,-0.10316352634162497,-0.1031055408553056
3734.37,-0.10326459231323402,-0.10314327358545579
3742.37,-0.10250953486677997,-0.10314327358545579
3749.0700000000006,-0.10224693322579433,-0.10314327358545579
3751.77,-0.10221826736407731,-0.10314327358545579
3754.27,-0.10332131455302151,-0.10314327358545579
3756.77,-0.10449389348757686,-0.10314327358545579
3759.47,-0.10583018027863891,-0.10314327358545579
3762.37,-0.10705854694120613,-0.10314327358545579
3764.77,-0.10826996349392272,-0.10314327358545579
3767.67,-0.10959627118608073,-0.10314327358545579
3770.27,-0.11083143000468822,-0.10314327358545579
3772.67,-0.1118479234041795,-0.10314327358545579
3775.0700000000006,-0.11304991427655404,-0.10314327358545579
3777.77,-0.11433896745831036,-0.10314327358545579
3780.47,-0.11539562733612736,-0.10316352634162497
3783.0700000000006,-0.11673952714797153,-0.10317169181994724
3785.67,-0.11802628170902627,-0.10318669716295423
3788.0700000000006,-0.11917109560057472,-0.10320199518873094
3790.67,-0.12041219826423002,-0.10326459231323402
3793.27,-0.12167971710311079,-0.10329079963041202
3795.87,-0.12295367702734249,-0.10332131455302151
3798.5700000000006,-0.12425006129006361,-0.10339734323716433
3800.97,-0.12543626824423657,-0.10343281555087049
3803.67,-0.1268221037537734,-0.10344609506738942
3811.5700000000006,-0.13086706762660674,-0.10345839086498577
3819.37,-0.13434124103223682,-0.10360801694323228
3826.27,-0.1376843384178171,-0.10369141825478283
3828.67,-0.13852220400485396,-0.10378315416172909
3831.37,-0.1370048036675572,-0.10388612862667954
3833.97,-0.13554164607164568,-0.10449389348757686
3836.37,-0.13426706010262623,-0.10479505288948515
3839.0700000000006,-0.13306890976693075,-0.10480658954744092
3841.47,-0.1317601412432621,-0.10480658954744092
3844.0700000000006,-0.13039487906384165,-0.10480658954744092
3846.67,-0.12896175046116434,-0.10480658954744092
3849.17,-0.12768337281100045,-0.10480658954744092
3851.77,-0.12646031637352279,-0.10480658954744092
3854.37,-0.12515274183996744,-0.10480658954744092
3857.0700000000006,-0.12378364492464079,-0.10480658954744092
3859.67,-0.12243375671677482,-0.10480658954744092
3862.37,-0.121160167477147,-0.10480658954744092
3864.87,-0.11998860752784245,-0.10480658954744092
3867.67,-0.11861916375814828,-0.10480658954744092
3870.0700000000006,-0.11756753630050407,-0.10480658954744092
3872.77,-0.11626564181603209,-0.10480658954744092
3875.5700000000006,-0.11493340233984804,-0.10480658954744092
3878.37,-0.11365827008569805,-0.10480658954744092
3880.97,-0.11244353192295037,-0.10480658954744092
3888.77,-0.10905140128748755,-0.10480658954744092
3896.87,-0.10663405864832529,-0.10480658954744092
3903.5700000000006,-0.10378315416172909,-0.10480658954744092
3906.27,-0.10274007753759264,-0.10480658954744092
3908.67,-0.10266559591763304,-0.10480658954744092
3911.5700000000006,-0.10272124171564519,-0.10480658954744092
3913.97,-0.10270089543726768,-0.10480658954744092
3916.67,-0.10276557709818916,-0.10480658954744092
3919.0700000000006,-0.10274435264594439,-0.104857473200974
3921.67,-0.10283733943857049,-0.104857473200974
3924.27,-0.102864025682288,-0.104857473200974
3926.67,-0.10285592015481614,-0.104857473200974
3929.17,-0.10290355956064817,-0.104857473200974
3931.77,-0.10295134668494511,-0.104857473200974
3934.27,-0.10304842568166898,-0.104857473200974
3937.0700000000006,-0.10307053354369766,-0.104857473200974
3939.5700000000006,-0.10318669716295423,-0.104857473200974
3942.37,-0.10320199518873094,-0.104857473200974
3944.87,-0.10329079963041202,-0.104857473200974
3947.67,-0.10339734323716433,-0.104857473200974
3950.27,-0.10343281555087049,-0.104857473200974
3952.77,-0.10345839086498577,-0.104857473200974
3955.47,-0.10344609506738942,-0.104857473200974
3958.0700000000006,-0.10360801694323228,-0.104857473200974
3966.0700000000006,-0.10388612862667954,-0.104857473200974
3973.67,-0.10369141825478283,-0.104857473200974
3981.77,-0.10479505288948515,-0.104857473200974
3984.27,-0.10513664796226038,-0.104857473200974
3986.97,-0.10503146114651746,-0.104857473200974
3989.5700000000006,-0.10502624257869705,-0.104857473200974
3992.17,-0.10495725677868638,-0.104857473200974
3994.67,-0.104857473200974,-0.104857473200974
3997.17,-0.10488537982175308,-0.104857473200974
3999.87,-0.10480658954744092,-0.10480658954744092
4002.37,-0.10477420979302439,-0.10479505288948515
4005.0700000000006,-0.10478022999693615,-0.10478022999693615
4007.47,-0.1047333035098017,-0.10477420979302439
4010.17,-0.1046443513523978,-0.1047333035098017
4012.67,-0.1046104686265085,-0.1046443513523978
4015.37,-0.10451623708178774,-0.1046104686265085
4018.0700000000006,-0.10452237902693322,-0.10460703688201689
4020.5700000000006,-0.10445682289232257,-0.10452237902693322
4023.0700000000006,-0.10437406591676995,-0.10451623708178774
4025.47,-0.10436003856612405,-0.10445682289232257
4028.0700000000006,-0.10433901072548374,-0.10437406591676995
4030.5700000000006,-0.10422637356193597,-0.10436003856612405
4033.0700000000006,-0.10416056233765676,-0.10433901072548374
4035.77,-0.10415355145653857,-0.10431304512225396
4043.5700000000006,-0.10393930339146873,-0.10424019662322034
4051.27,-0.10326251939761541,-0.10422637356193597
4058.27,-0.10245888670263686,-0.10416056233765676
4060.77,-0.1022378808798575,-0.10415355145653857
4063.27,-0.10261854066182804,-0.10393930339146873
4065.87,-0.10303534433776461,-0.10393930339146873
4068.47,-0.10340992108274653,-0.10393930339146873
4071.0700000000006,-0.10387262932395161,-0.10393930339146873
4073.5700000000006,-0.10424019662322034,-0.10393930339146873
4076.0700000000006,-0.10460703688201689,-0.10393930339146873
4078.87,-0.10496848718714737,-0.10393930339146873
4081.27,-0.10536693161932169,-0.10393930339146873
4083.87,-0.10560838485292591,-0.10393930339146873
4086.37,-0.10606859313627008,-0.10393930339146873
4089.0700000000006,-0.10640756997439704,-0.10393930339146873
4091.67,-0.10684726525588534,-0.10393930339146873
4094.37,-0.10719642442317096,-0.10393930339146873
4096.77,-0.10754184399563495,-0.10393930339146873
4099.27,-0.10794927987002882,-0.10393930339146873
4101.87,-0.10836508830883894,-0.10393930339146873
4104.47,-0.10873639526431073,-0.10393930339146873
4107.17,-0.10917688497469684,-0.10393930339146873
4109.570000000001,-0.10955988292545227,-0.10393930339146873
4112.37,-0.10997119767541359,-0.10415355145653857
4120.070000000001,-0.11121981194566638,-0.10416056233765676
4127.67,-0.1124552955813824,-0.10422637356193597
4135.87,-0.11370155785891178,-0.10424019662322034
4138.27,-0.11430749459481972,-0.10431304512225396
4141.070000000001,-0.11295802177909611,-0.10433901072548374
4143.67,-0.11157353448182683,-0.10433901072548374
4146.27,-0.11043122233904,-0.10433901072548374
4148.87,-0.10927082435961259,-0.10433901072548374
4151.67,-0.10795493129173586,-0.10433901072548374
4154.27,-0.10676357498256725,-0.10433901072548374
4156.87,-0.10550508990469519,-0.10433901072548374
4159.37,-0.10431304512225396,-0.10433901072548374
4161.77,-0.10325857200553817,-0.10433901072548374
4164.37,-0.10202737718409242,-0.10433901072548374
4166.87,-0.1009177145283351,-0.10433901072548374
4169.67,-0.09965318583922506,-0.10433901072548374
4172.070000000001,-0.09859507488647704,-0.10433901072548374
4174.570000000001,-0.09749363344818684,-0.10433901072548374
4177.37,-0.09628966753371317,-0.10433901072548374
4179.87,-0.09519801084604605,-0.10433901072548374
4182.37,-0.09415196420166802,-0.10433901072548374
4184.97,-0.09302632068373178,-0.10433901072548374
4187.37,-0.0921401667588309,-0.10433901072548374
4190.070000000001,-0.09101702514195183,-0.10460703688201689
4197.570000000001,-0.08812868919466092,-0.10496848718714737
4205.27,-0.08555320012423644,-0.10536693161932169
4213.570000000001,-0.08248511422303038,-0.10550508990469519
4215.97,-0.08140264063093741,-0.10560838485292591
4218.67,-0.08225390705692892,-0.10566369242749062
4221.27,-0.08325910103868607,-0.10606859313627008
4223.97,-0.08409552768661177,-0.10640756997439704
4226.570000000001,-0.0849081404192998,-0.10676357498256725
4228.97,-0.08568299159157435,-0.10684726525588534
4231.570000000001,-0.08653034465858782,-0.10719642442317096
4234.17,-0.08747275761328852,-0.10754184399563495
4236.570000000001,-0.08829749511773272,-0.10794927987002882
4239.27,-0.08926651939354792,-0.10795493129173586
4241.77,-0.0900975807455571,-0.10836508830883894
4244.37,-0.09108683961344195,-0.10873639526431073
4246.87,-0.09203680052091318,-0.10883965832665209
4249.67,-0.09302973315911561,-0.10917688497469684
4252.070000000001,-0.09396027435076423,-0.10927082435961259
4254.570000000001,-0.0948419254617555,-0.10955988292545227
4257.27,-0.09582232190758934,-0.10976710090899384
4259.87,-0.09684566286168024,-0.10980495184312145
4262.67,-0.09790119160343072,-0.10986346140116182
4265.27,-0.0989648776002022,-0.10986346140116182
4267.97,-0.09994883980135381,-0.10986346140116182
4275.570000000001,-0.10292425159650431,-0.10986346140116182
4283.27,-0.10566369242749062,-0.10986346140116182
4291.27,-0.10883965832665209,-0.10980495184312145
4293.77,-0.10976710090899384,-0.10976710090899384
4296.570000000001,-0.10980495184312145,-0.10927082435961259
4299.070000000001,-0.10986346140116182,-0.10883965832665209
4301.570000000001,-0.11004531885285168,-0.1088025243955155
4304.070000000001,-0.11024021243077935,-0.10795493129173586
4306.570000000001,-0.11039044359499521,-0.10676357498256725
4309.17,-0.11053728757601913,-0.10604268633526608
4311.67,-0.11073101031670089,-0.10566369242749062
4314.37,-0.11076312940558389,-0.10550508990469519
4316.87,-0.11093139622171014,-0.10431304512225396
4319.37,-0.11115070277805514,-0.10355822342143563
4322.070000000001,-0.11125853149198982,-0.10325857200553817
4324.570000000001,-0.11145210240882576,-0.10292425159650431
4327.37,-0.1114820424318502,-0.10292425159650431
4329.77,-0.1117512311035622,-0.10292425159650431
4332.570000000001,-0.11190163919703468,-0.10292425159650431
4334.97,-0.11205494757456161,-0.10292425159650431
4337.570000000001,-0.11225346023071271,-0.10292425159650431
4340.37,-0.11236548420303695,-0.10292425159650431
4342.77,-0.11256963559895387,-0.10292425159650431
4345.37,-0.1126291442060834,-0.10292425159650431
4352.97,-0.11321842083513911,-0.10292425159650431
4360.67,-0.11487230051628776,-0.10292425159650431
4368.87,-0.11709034517466402,-0.10292425159650431
4371.27,-0.11790763843837007,-0.10292425159650431
4373.97,-0.11773581981362352,-0.10292425159650431
4376.570000000001,-0.11733722850893898,-0.10292425159650431
4378.97,-0.11694174954234311,-0.10292425159650431
4381.570000000001,-0.11652804582674978,-0.10292425159650431
4383.97,-0.11615727664414968,-0.10292425159650431
4386.570000000001,-0.11571889492350657,-0.10292425159650431
4389.17,-0.1152671489556675,-0.10300829939918604
4391.87,-0.1148078307161158,-0.10312930388968308
4394.37,-0.11448744591308704,-0.10336868436216079
4397.17,-0.11410598160721935,-0.10355647905860826
4399.570000000001,-0.11359499236702092,-0.10355822342143563
4402.17,-0.11315024460741328,-0.10370883420625038
4404.570000000001,-0.1127770012005206,-0.10393970610798706
4407.070000000001,-0.11241921204027075,-0.10403447802401625
4409.47,-0.11216238383034696,-0.10424765960985184
4412.070000000001,-0.11167480743320075,-0.10434695712072685
4414.570000000001,-0.11127699219550045,-0.10445602269563675
4417.070000000001,-0.11086246242919368,-0.10463763237995995
4419.67,-0.11044296753066432,-0.10477736711850284
4422.27,-0.10999278905825652,-0.10521023531445922
4430.17,-0.1088025243955155,-0.10566369242749062
4437.77,-0.10604268633526608,-0.10566369242749062
4444.37,-0.10355822342143563,-0.10569996572671626
4446.77,-0.10271929049152832,-0.10579912405495065
4449.37,-0.10253844308765794,-0.10581124561253093
4451.87,-0.10238513014303172,-0.10581124561253093
4454.570000000001,-0.10217070670426567,-0.10581124561253093
4457.17,-0.10202474543844493,-0.10581124561253093
4459.87,-0.10189636026509655,-0.10581124561253093
4462.47,-0.10175613146366416,-0.10581124561253093
4465.17,-0.10161761181961074,-0.10581124561253093
4467.570000000001,-0.10160673233217613,-0.10581124561253093
4470.070000000001,-0.10145091205914038,-0.10581124561253093
4472.77,-0.10127701086795969,-0.10581124561253093
4475.27,-0.10114607691144506,-0.10581124561253093
4477.97,-0.10103316687371303,-0.10581124561253093
4480.37,-0.10094831359421251,-0.10581124561253093
4482.87,-0.10080610436009846,-0.10581124561253093
4485.37,-0.10071901366972234,-0.10581124561253093
4487.87,-0.10061941371634733,-0.10581124561253093
4490.67,-0.10052949000432067,-0.10581124561253093
4493.37,-0.1004567453667463,-0.10581124561253093
4496.070000000001,-0.10044674421405224,-0.10581124561253093
4498.67,-0.10035669073000472,-0.10581124561253093
4506.67,-0.10012510789178358,-0.10581124561253093
4514.47,-0.1004677022004684,-0.10581124561253093
4520.97,-0.10117913364912189,-0.10581124561253093
4523.570000000001,-0.10133438068048255,-0.10581124561253093
4526.070000000001,-0.1016060178008399,-0.10581124561253093
4528.67,-0.10176027261223498,-0.10581124561253093
4531.37,-0.10200503016492062,-0.10581124561253093
4533.87,-0.10221238577958071,-0.10581124561253093
4536.570000000001,-0.10237361364040644,-0.10581124561253093
4539.27,-0.10251656178942764,-0.10581124561253093
4541.97,-0.10271704042323783,-0.10581124561253093
4544.37,-0.10287153250104983,-0.10581124561253093
4547.17,-0.10300829939918604,-0.10579912405495065
4549.77,-0.10312930388968308,-0.10569996572671626
4552.27,-0.10336868436216079,-0.10556306379126675
4554.97,-0.10355647905860826,-0.10549726770622349
4557.37,-0.10370883420625038,-0.10521023531445922
4560.070000000001,-0.10393970610798706,-0.10489496083270683
4562.570000000001,-0.10403447802401625,-0.10477736711850284
4564.97,-0.10424765960985184,-0.10463763237995995
4567.570000000001,-0.10434695712072685,-0.10445602269563675
4570.070000000001,-0.10445602269563675,-0.10434695712072685
4572.570000000001,-0.10463763237995995,-0.10424765960985184
4575.37,-0.10477736711850284,-0.10403447802401625
4583.17,-0.10521023531445922,-0.10393970610798706
4591.070000000001,-0.10581124561253093,-0.10389994671417332
4597.67,-0.10569996572671626,-0.10370883420625038
4600.070000000001,-0.10556306379126675,-0.10355822342143563
4602.87,-0.10579912405495065,-0.10355647905860826
4605.37,-0.10605518040407012,-0.10348632293886217
4608.070000000001,-0.1064314013028618,-0.10348632293886217
4610.570000000001,-0.1066128076675532,-0.10348632293886217
4613.070000000001,-0.10686539647412287,-0.10348632293886217
4615.87,-0.10705174259981783,-0.10348632293886217
4618.67,-0.10739547917858146,-0.10348632293886217
4621.17,-0.1075926794141278,-0.10348632293886217
4623.97,-0.10790994995680196,-0.10348632293886217
4626.570000000001,-0.10815371121652978,-0.10348632293886217
4629.070000000001,-0.10838013102220093,-0.10348632293886217
4631.67,-0.10861903040894168,-0.10348632293886217
4634.17,-0.10880634619721963,-0.10348632293886217
4636.87,-0.1088500139551803,-0.10348632293886217
4639.27,-0.10913999335441171,-0.10348632293886217
4641.67,-0.1092667829311091,-0.10348632293886217
4644.37,-0.10945145237392188,-0.10348632293886217
4646.87,-0.10965422093411166,-0.10348632293886217
4649.570000000001,-0.10981309725231624,-0.10348632293886217
4652.27,-0.1099909076865439,-0.10348632293886217
4660.17,-0.11053200502391448,-0.10348632293886217
4667.97,-0.11091026068729509,-0.10348632293886217
4674.47,-0.11117847838270034,-0.10348632293886217
4676.97,-0.11126793973436912,-0.10348632293886217
4679.570000000001,-0.11070438185099159,-0.10348632293886217
4682.070000000001,-0.11012132098228625,-0.10348632293886217
4684.77,-0.10957537229025366,-0.10348632293886217
4687.37,-0.10904593817816681,-0.10348632293886217
4690.070000000001,-0.10855163137712588,-0.10348632293886217
4692.67,-0.10804575790959337,-0.10348632293886217
4695.37,-0.10748604264439564,-0.10348632293886217
4697.87,-0.10697022901690036,-0.10348632293886217
4700.27,-0.10648146740008821,-0.10348632293886217
4702.87,-0.10593152873394228,-0.10348632293886217
4705.37,-0.10549726770622349,-0.10348632293886217
4708.17,-0.10489496083270683,-0.10348632293886217
4713.070000000001,-0.10389994671417332,-0.10348632293886217
4715.67,-0.10348632293886217,-0.10348632293886217
4718.070000000001,-0.10305172175659802,-0.10305172175659802
4720.570000000001,-0.10262651811905683,-0.10262651811905683
4723.27,-0.10216637745156006,-0.10239644778530844
4725.87,-0.10180044985667071,-0.10216637745156006
4728.37,-0.1013475140003432,-0.10198341365411538
4730.87,-0.10087717374054271,-0.10180044985667071
4738.67,-0.09965854912329072,-0.10157398192850695
4746.570000000001,-0.09897493302014232,-0.1013475140003432
4753.27,-0.09777888009446639,-0.10111234387044296
4755.87,-0.09733908656980138,-0.10087717374054271
4758.47,-0.09740217197618527,-0.10026786143191671
4761.37,-0.09742524471192826,-0.09965854912329072
4763.77,-0.09742352984401512,-0.09931674107171652
4766.67,-0.09737661114559674,-0.09897493302014232
4769.070000000001,-0.09742099985036774,-0.09837690655730436
4772.070000000001,-0.09736951480832054,-0.09777888009446639
4774.570000000001,-0.09731915661922064,-0.09760206240319733
4777.37,-0.09724291996671844,-0.09742524471192826
4779.77,-0.09728911108322762,-0.09742438727797169
4782.67,-0.09719671872776214,-0.09742352984401512
4785.17,-0.09716136153684184,-0.09742226484719144
4787.87,-0.09712727265723926,-0.09742099985036774
4792.87,-0.0970132501028964,-0.0974115859132765
4795.570000000001,-0.09699975552222645,-0.09740217197618527
4798.070000000001,-0.09688282285529182,-0.097389391560891
4800.47,-0.09679922528083736,-0.09737661114559674
4803.070000000001,-0.09687684622381632,-0.09737306297695864
4805.570000000001,-0.09678613142122336,-0.09736951480832054
4808.17,-0.09681469270645048,-0.09735430068906095
4810.77,-0.09674727547142237,-0.09733908656980138
4818.37,-0.09657310809182373,-0.09732912159451101
4826.27,-0.09513639076788721,-0.09731915661922064
4833.97,-0.09515178810676986,-0.09730413385122413
4836.47,-0.09524710065578477,-0.09728911108322762
4839.070000000001,-0.09479398600524522,-0.09726601552497302
4841.570000000001,-0.09438295540341662,-0.09724291996671844
4844.27,-0.09397237253190072,-0.09721981934724029
4846.87,-0.09357662739389722,-0.09719671872776214
4849.67,-0.09320558173512848,-0.097179040132302
4852.27,-0.09279955436404298,-0.09716136153684184
4854.87,-0.09242641708080909,-0.09714431709704055
4857.37,-0.0921179373888889,-0.09712727265723926
4859.77,-0.0917848319727783,-0.09707026138006783
4862.570000000001,-0.09136980522622942,-0.0970132501028964
4864.97,-0.09111252724532987,-0.09700650281256143
4867.67,-0.09081080130652064,-0.09699975552222645
4872.77,-0.09002900997555668,-0.09694128918875913
4875.570000000001,-0.08966967228442342,-0.09688282285529182
4878.17,-0.08929171914796918,-0.09687983453955407
4880.67,-0.08897610886581085,-0.09687684622381632
4883.27,-0.08856174990546163,-0.0968457694651334
4885.87,-0.08816390197784948,-0.09681469270645048
